l1_subset,l1_algo,l2_subset,l2_algo,accuracy,macro_f1,weighted_f1,false_alarm_rate,forwarded,recall_Normal,recall_DoS,recall_Probe,recall_R2L,recall_U2R,latency_us
GWO,CatBoost,MVO,LightGBM,0.7990152590489709,0.5608718510296544,0.7585910168965554,0.029966017917825147,0.4081352022711143,0.9700339820821748,0.8478144274604451,0.8587360594795539,0.06463326071169208,0.065,1.2764651924759765
PSO,LightGBM,MVO,LightGBM,0.7937366926898509,0.559656650099397,0.7586947461912044,0.030583873957367932,0.41026437189496096,0.969416126042632,0.7890855457227138,0.9384551838083437,0.11583151779230211,0.02,1.2366396307838796
PSO,LightGBM,GA,XGBoost,0.7883694109297374,0.5588668547228758,0.7532984668963894,0.030583873957367932,0.41026437189496096,0.969416126042632,0.7803700724054706,0.9144981412639405,0.11546840958605664,0.035,0.8529498001880671
GWO,CatBoost,MVO,XGBoost,0.7922728885734563,0.5565783781536698,0.7520498816997938,0.029966017917825147,0.4081352022711143,0.9700339820821748,0.8272995441137034,0.8583230070218918,0.06463326071169208,0.075,0.7992111730305238
MVO,CatBoost,MVO,LightGBM,0.799680624556423,0.5556282531183339,0.7573361307422136,0.030171969931006074,0.41727288857345635,0.9698280300689939,0.8500938589434165,0.8678232135481206,0.05664488017429194,0.065,1.4722599924225195
GWO,CatBoost,MVO,CatBoost,0.7914300922640171,0.5540486020223873,0.7510847068320318,0.029966017917825147,0.4081352022711143,0.9700339820821748,0.8272995441137034,0.8513011152416357,0.06427015250544663,0.07,0.8212840103004386
MVO,CatBoost,MVO,XGBoost,0.7969748048261178,0.5527886020113842,0.7548029226513705,0.030171969931006074,0.41727288857345635,0.9698280300689939,0.8419147224456959,0.8674101610904585,0.0570079883805374,0.065,0.9843207944088933
GWO,XGBoost,MVO,LightGBM,0.7909421575585521,0.5517927262409584,0.7500551271437733,0.030686849963958398,0.39952980837473384,0.9693131500360416,0.8352105122016626,0.8335398595621644,0.05773420479302832,0.06,0.9298747622847147
MVO,CatBoost,MVO,CatBoost,0.7961320085166785,0.5504682387464557,0.7539265977742925,0.030171969931006074,0.41727288857345635,0.9698280300689939,0.8415124698310539,0.8608013217678645,0.05737109658678286,0.06,1.0068878175800802
GWO,CatBoost,GA,XGBoost,0.7851312987934705,0.5492384225059361,0.7466364861831333,0.029966017917825147,0.4081352022711143,0.9700339820821748,0.8133547868061143,0.8351920693928129,0.06499636891793754,0.065,0.8947666162718386
GWO,CatBoost,MVO,Random Forest,0.7863289567068843,0.5485668830693928,0.7460486584334599,0.029966017917825147,0.4081352022711143,0.9700339820821748,0.8157683024939663,0.8380834365964478,0.06535947712418301,0.07,1.9675777836702026
GWO,LightGBM,MVO,LightGBM,0.78708303761533,0.5481044450271646,0.7463722043548725,0.030583873957367932,0.39571504613200853,0.969416126042632,0.8239474389916868,0.8323007021891781,0.05773420479302832,0.055,1.1671347455636805
PSO,GBM,MVO,LightGBM,0.7914744499645139,0.5475236952271336,0.7576691098762955,0.03140768201009165,0.4156760113555713,0.9685923179899083,0.8180477339769375,0.8277571251548946,0.11909949164851126,0.02,1.1495326842784057
PSO,XGBoost,MVO,LightGBM,0.8013218594748048,0.5467747414685211,0.7545373351891983,0.029966017917825147,0.4153211497515969,0.9700339820821748,0.8479485116653258,0.9211069805865345,0.029774872912127815,0.045,0.978517907942642
MVO,CatBoost,MVO,Random Forest,0.790764726756565,0.5460462854245617,0.7487627910833283,0.030171969931006074,0.41727288857345635,0.9698280300689939,0.829444891391794,0.8471705906650144,0.05773420479302832,0.065,2.1788458141119103
MVO,LightGBM,MVO,XGBoost,0.7767033356990773,0.5451707676083198,0.7357600684783933,0.02903923385851097,0.39513839602555,0.9709607661414891,0.7845266827567713,0.8500619578686494,0.0570079883805374,0.075,0.7478519728709834
MVO,LightGBM,MVO,CatBoost,0.7759492547906317,0.5442202495299765,0.7348168614984355,0.02903923385851097,0.39513839602555,0.9709607661414891,0.7843925985518906,0.8442792234613796,0.05628177196804648,0.075,0.769221914659963
MVO,LightGBM,MVO,LightGBM,0.7744410929737402,0.5441287149974027,0.7334234993683952,0.02903923385851097,0.39513839602555,0.9709607661414891,0.7776883883078574,0.8500619578686494,0.05664488017429194,0.08,1.20990814124617
GWO,XGBoost,MVO,XGBoost,0.7840667139815471,0.5439140343813393,0.7432387604649308,0.030686849963958398,0.39952980837473384,0.9693131500360416,0.8146956288549209,0.8327137546468402,0.05773420479302832,0.06,0.4626834838209398
GWO,XGBoost,GA,XGBoost,0.7808286018452804,0.5434628309511796,0.7413674810400572,0.030686849963958398,0.39952980837473384,0.9693131500360416,0.8117457763475463,0.8099958694754233,0.059186637618010164,0.06,0.5562241725802619
GWO,CatBoost,GA,CatBoost,0.7670777146912704,0.5433160425758203,0.73227083189925,0.029966017917825147,0.4081352022711143,0.9700339820821748,0.7574416733708769,0.8372573316811235,0.06535947712418301,0.085,0.8974887559420205
GWO,XGBoost,MVO,CatBoost,0.7833569907735983,0.5432246300589084,0.7424139772697899,0.030686849963958398,0.39952980837473384,0.9693131500360416,0.8146956288549209,0.8265179677819083,0.05737109658678286,0.06,0.4842909227178124
GWO,CatBoost,MVO,Extra Trees,0.7860628105039035,0.5425003350173345,0.7493748991066855,0.029966017917825147,0.4081352022711143,0.9700339820821748,0.8159023866988468,0.835605121850475,0.06499636891793754,0.07,2.0882770016923615
GWO,LightGBM,GA,XGBoost,0.77861071682044,0.5418971194689861,0.7387504224297751,0.030583873957367932,0.39571504613200853,0.969416126042632,0.805443818718155,0.8095828170177612,0.05809731299927379,0.06,0.7970518199776448
PSO,GBM,MVO,Extra Trees,0.7781227821149752,0.5418185720424458,0.7521102124395158,0.03140768201009165,0.4156760113555713,0.9685923179899083,0.7855993563958166,0.8029739776951673,0.11946259985475671,0.02,1.9763437335303071
GWO,CatBoost,GA,Random Forest,0.7787437899219305,0.5417862767060766,0.7384583436896522,0.029966017917825147,0.4081352022711143,0.9700339820821748,0.7939125770984178,0.835605121850475,0.06427015250544663,0.075,1.945451868468
GWO,CatBoost,MFO,CatBoost,0.7779453513129879,0.5412975447141745,0.7377524066627035,0.029966017917825147,0.4081352022711143,0.9700339820821748,0.7910968087959238,0.8364312267657993,0.06463326071169208,0.075,0.8344321723842698
MVO,XGBoost,MFO,Extra Trees,0.7628637331440739,0.5412043993140604,0.7256069210637172,0.060035011842240756,0.4256564939673527,0.9399649881577592,0.7968624296057925,0.8046261875258158,0.05809731299927379,0.095,1.677615305038842
MVO,CatBoost,MFO,Random Forest,0.7840223562810504,0.5410822744810195,0.7439656521412875,0.030171969931006074,0.41727288857345635,0.9698280300689939,0.8101367658889783,0.8446922759190417,0.05737109658678286,0.06,2.2308949359158774
MVO,CatBoost,MVO,Extra Trees,0.7906316536550745,0.5407950094815218,0.7531457968887804,0.030171969931006074,0.41727288857345635,0.9698280300689939,0.8299812282113167,0.8451053283767038,0.05737109658678286,0.06,2.302247351329001
GWO,CatBoost,MFO,Random Forest,0.7791873669268985,0.5405264209070653,0.7387277175598373,0.029966017917825147,0.4081352022711143,0.9700339820821748,0.7963260927862698,0.8360181743081372,0.06136528685548293,0.07,2.0184871032958323
GWO,LightGBM,MVO,XGBoost,0.7802075940383251,0.5402517481445136,0.7395548022505674,0.030583873957367932,0.39571504613200853,0.969416126042632,0.803432555644945,0.8314745972738538,0.05773420479302832,0.055,0.7044042698031238
GWO,CatBoost,GA,GBM,0.7785220014194464,0.5397380369224399,0.7387304635200367,0.029966017917825147,0.4081352022711143,0.9700339820821748,0.7937784928935372,0.8335398595621644,0.06499636891793754,0.07,1.3961255995376485
MVO,LightGBM,MVO,Random Forest,0.7704932576295245,0.539475054452431,0.729405915363108,0.02903923385851097,0.39513839602555,0.9709607661414891,0.7723250201126307,0.8298223874432052,0.05664488017429194,0.08,1.8790126910079532
GWO,LightGBM,MVO,CatBoost,0.7794978708303761,0.5394330264075383,0.7386633666309207,0.030583873957367932,0.39571504613200853,0.969416126042632,0.803432555644945,0.825691862866584,0.0570079883805374,0.055,0.7258053980810186
MVO,CatBoost,MFO,Extra Trees,0.782957771469127,0.5392224712715843,0.7427159749641925,0.030171969931006074,0.41727288857345635,0.9698280300689939,0.8136229552158756,0.8240396530359355,0.05737109658678286,0.06,2.2273831318978257
MVO,CatBoost,GA,XGBoost,0.7853974449964514,0.5390831534792365,0.7452161739667725,0.030171969931006074,0.41727288857345635,0.9698280300689939,0.8148297130598016,0.8438661710037175,0.05737109658678286,0.05,1.0820156161207777
MVO,XGBoost,MFO,Random Forest,0.7638839602555003,0.5390014853713432,0.7277440292209052,0.060035011842240756,0.4256564939673527,0.9399649881577592,0.7935103244837758,0.8240396530359355,0.05809731299927379,0.1,1.68119766619088
MVO,XGBoost,MVO,Random Forest,0.7704932576295245,0.5384100534111056,0.7313543975883268,0.060035011842240756,0.4256564939673527,0.9399649881577592,0.8126843657817109,0.8269310202395704,0.05809731299927379,0.095,1.6281028035533902
GWO,CatBoost,MFO,Extra Trees,0.7782558552164656,0.5379126984547429,0.7379446380517221,0.029966017917825147,0.4081352022711143,0.9700339820821748,0.7995441137034057,0.8182569186286658,0.06100217864923747,0.065,2.0150522028206446
PSO,CatBoost,MVO,LightGBM,0.7973296664300923,0.5372740008270477,0.7461223912457938,0.03192256204304397,0.413236337828247,0.968077437956956,0.8445964065433093,0.9343246592317225,0.0010893246187363835,0.05,1.2005542391684663
MVO,CatBoost,MFO,CatBoost,0.7822924059616749,0.5372378920259625,0.7404041279651082,0.030171969931006074,0.41727288857345635,0.9698280300689939,0.8049074818986324,0.8446922759190417,0.0570079883805374,0.065,1.0203303521657339
GWO,XGBoost,MVO,Random Forest,0.7780340667139816,0.5370900234901124,0.7371676694632285,0.030686849963958398,0.39952980837473384,0.9693131500360416,0.8027621346205417,0.8128872366790583,0.05809731299927379,0.06,1.6064154762165042
MVO,XGBoost,MVO,LightGBM,0.7792317246273953,0.5368221364458996,0.7435529461078413,0.060035011842240756,0.4256564939673527,0.9399649881577592,0.83266291230893,0.8471705906650144,0.05773420479302832,0.095,0.9073206684485329
PSO,XGBoost,MVO,XGBoost,0.7943577004968062,0.5367778712275505,0.7479543782724797,0.029966017917825147,0.4153211497515969,0.9700339820821748,0.8272995441137034,0.9202808756712102,0.029774872912127815,0.04,0.4928609810794995
PSO,XGBoost,GA,XGBoost,0.7869056068133428,0.5364031343498077,0.7423809410862281,0.029966017917825147,0.4153211497515969,0.9700339820821748,0.8126843657817109,0.8975629904997935,0.027596223674655047,0.05,0.5900988481666021
MVO,LightGBM,MFO,Random Forest,0.7634847409510291,0.5362980902559208,0.7252636866330433,0.02903923385851097,0.39513839602555,0.9709607661414891,0.7534191472244569,0.8269310202395704,0.05337690631808279,0.075,1.9283008356906082
PSO,Extra Trees,MVO,LightGBM,0.7950230660042583,0.5358806623420367,0.7463919606597118,0.030171969931006074,0.4090223562810504,0.9698280300689939,0.8448645749530705,0.8909541511771994,0.013798111837327523,0.045,3.2151480320003403
GWO,XGBoost,GA,Random Forest,0.7739975159687722,0.5358320786735546,0.733061941566256,0.030686849963958398,0.39952980837473384,0.9693131500360416,0.7913649772056852,0.8104089219330854,0.05737109658678286,0.07,1.5847560785177497
GWO,CatBoost,MFO,XGBoost,0.7769694819020582,0.535614965262435,0.736833161113979,0.029966017917825147,0.4081352022711143,0.9700339820821748,0.7882810404934298,0.8364312267657993,0.06535947712418301,0.06,0.8310048544708375
PSO,GBM,GA,XGBoost,0.7810947480482612,0.5349287399635843,0.7454113635508415,0.03140768201009165,0.4156760113555713,0.9685923179899083,0.8020917135961384,0.8033870301528294,0.09803921568627451,0.03,0.76078174877042
MVO,CatBoost,MFO,XGBoost,0.7787437899219305,0.5348642423364293,0.737665879269785,0.030171969931006074,0.41727288857345635,0.9698280300689939,0.7941807455081792,0.8451053283767038,0.05664488017429194,0.065,1.016826300474433
GWO,XGBoost,GA,CatBoost,0.7627306600425834,0.5348340044207507,0.7263515991282423,0.030686849963958398,0.39952980837473384,0.9693131500360416,0.7563689997318316,0.8108219743907477,0.059186637618010164,0.075,0.5588889168482033
MVO,XGBoost,GA,XGBoost,0.767166430092264,0.5344787279890418,0.7292731769468468,0.060035011842240756,0.4256564939673527,0.9399649881577592,0.8039688924644677,0.8232135481206113,0.058460421205519246,0.085,0.5092357279795722
PSO,CatBoost,GA,XGBoost,0.7848207948899929,0.5339681934796097,0.7365199684271647,0.03192256204304397,0.413236337828247,0.968077437956956,0.8136229552158756,0.9099545642296571,0.002904865649963689,0.065,0.8140849493176079
PSO,GBM,MVO,Random Forest,0.7786550745209369,0.5338329230315287,0.7462471157340858,0.03140768201009165,0.4156760113555713,0.9685923179899083,0.7855993563958166,0.8062783973564642,0.12091503267973856,0.02,1.8534144462696125
MVO,XGBoost,MVO,XGBoost,0.7767033356990773,0.5335614296294373,0.7411395814657744,0.060035011842240756,0.4256564939673527,0.9399649881577592,0.825020112630732,0.8471705906650144,0.05809731299927379,0.09,0.4095780784476021
GWO,CatBoost,GA,LightGBM,0.7622870830376153,0.5334548259885723,0.7275113517567163,0.029966017917825147,0.4081352022711143,0.9700339820821748,0.7440332528828104,0.8347790169351508,0.06572258533042846,0.07,1.7476834927641456
GWO,LightGBM,MVO,Random Forest,0.774263662171753,0.5333317529561684,0.7334550838754662,0.030583873957367932,0.39571504613200853,0.969416126042632,0.7916331456154465,0.8124741842213962,0.05773420479302832,0.055,1.8372157613275857
GWO,LightGBM,GA,Random Forest,0.7698278921220724,0.5333208250917763,0.7289796882314623,0.030583873957367932,0.39571504613200853,0.969416126042632,0.7788951461517833,0.8099958694754233,0.0570079883805374,0.07,1.8157631703571642
MVO,XGBoost,MVO,CatBoost,0.7759492547906317,0.5332103850688921,0.7403001265276695,0.060035011842240756,0.4256564939673527,0.9399649881577592,0.8247519442209708,0.8409748038000826,0.05773420479302832,0.095,0.4325985051884024
GWO,XGBoost,MVO,Extra Trees,0.7777679205110007,0.5327213151223635,0.7402893787060568,0.030686849963958398,0.39952980837473384,0.9693131500360416,0.8028962188254224,0.8104089219330854,0.05773420479302832,0.06,1.7245697916958636
MVO,XGBoost,MFO,CatBoost,0.7620652945351313,0.5325372599174047,0.7234769738652663,0.060035011842240756,0.4256564939673527,0.9399649881577592,0.7877447036739073,0.8240396530359355,0.058823529411764705,0.1,0.4463111193995146
GWO,LightGBM,GA,GBM,0.7695173882185947,0.5324428262149393,0.7289579511316785,0.030583873957367932,0.39571504613200853,0.969416126042632,0.77822472512738,0.808756712102437,0.05773420479302832,0.065,1.283153709958548
MVO,LightGBM,MFO,Extra Trees,0.7621540099361249,0.5323103499000759,0.723672458629226,0.02903923385851097,0.39513839602555,0.9709607661414891,0.7563689997318316,0.8062783973564642,0.053013798111837325,0.07,1.924975317439008
GWO,CatBoost,GA,Extra Trees,0.7700053229240597,0.5322436041505872,0.7302101676801163,0.029966017917825147,0.4081352022711143,0.9700339820821748,0.7676320729418075,0.8343659644774887,0.06499636891793754,0.075,1.9424643391363798
MVO,CatBoost,GA,CatBoost,0.7673438608942512,0.532147209188875,0.731064993254538,0.030171969931006074,0.41727288857345635,0.9698280300689939,0.7589165996245643,0.8467575382073523,0.05737109658678286,0.065,1.0847987014242666
MVO,LightGBM,GA,XGBoost,0.768097941802697,0.5321135030206227,0.7268007908564386,0.02903923385851097,0.39513839602555,0.9709607661414891,0.7666934835076428,0.8261049153242461,0.05664488017429194,0.065,0.8403645137245463
PSO,GBM,GA,LightGBM,0.7679205110007097,0.5320268154051481,0.7373770382070285,0.03140768201009165,0.4156760113555713,0.9685923179899083,0.7502011263073209,0.8029739776951673,0.1310820624546115,0.03,1.6294573329036024
GWO,CatBoost,MFO,LightGBM,0.7721788502484032,0.5319349225219048,0.732114759260327,0.029966017917825147,0.4081352022711143,0.9700339820821748,0.7740681147760794,0.8360181743081372,0.06463326071169208,0.065,1.27683673800199
PSO,GBM,MVO,XGBoost,0.7820262597586941,0.5319127634663803,0.7469217550888895,0.03140768201009165,0.4156760113555713,0.9685923179899083,0.7975328506301957,0.8269310202395704,0.09803921568627451,0.02,0.6634607990242662
MVO,LightGBM,MFO,CatBoost,0.7630855216465579,0.5317520352379388,0.7217809426764374,0.02903923385851097,0.39513839602555,0.9709607661414891,0.7511397157414856,0.8265179677819083,0.05628177196804648,0.08,0.7819513818746971
GWO,XGBoost,GA,GBM,0.7737313697657914,0.5316424982638502,0.7330587467440665,0.030686849963958398,0.39952980837473384,0.9693131500360416,0.7912308930008045,0.8083436596447748,0.058460421205519246,0.055,1.0470121697843864
PSO,XGBoost,MVO,CatBoost,0.7925390347764372,0.5315584059996639,0.7452101946420683,0.029966017917825147,0.4153211497515969,0.9700339820821748,0.827433628318584,0.9124328789756299,0.021423384168482208,0.04,0.5153224499805118
MVO,LightGBM,MVO,Extra Trees,0.7704488999290277,0.5314794421720254,0.7335198239658216,0.02903923385851097,0.39513839602555,0.9709607661414891,0.7725931885223921,0.828996282527881,0.05664488017429194,0.075,1.995868319107224
MVO,LightGBM,GA,CatBoost,0.7546575585521647,0.5313610531798425,0.7152840169193452,0.02903923385851097,0.39513839602555,0.9709607661414891,0.7244569589702333,0.8281701776125568,0.0570079883805374,0.095,0.8429999685861896
PSO,Extra Trees,GA,XGBoost,0.781139105748758,0.5311191604905648,0.7356086188129298,0.030171969931006074,0.4090223562810504,0.9698280300689939,0.8098685974792169,0.86575795125981,0.01597676107480029,0.06,2.8326197664663377
PSO,GBM,MFO,GBM,0.76694464158978,0.5310494870313488,0.7372892463243674,0.03140768201009165,0.4156760113555713,0.9685923179899083,0.7489943684633951,0.8050392399834779,0.12490922294843863,0.025,1.2951743118980465
GWO,XGBoost,MFO,Extra Trees,0.7712029808374734,0.5308871799746869,0.7307687964892513,0.030686849963958398,0.39952980837473384,0.9693131500360416,0.7865379458299813,0.7988434531185461,0.058460421205519246,0.06,1.65288891315684
PSO,GBM,MVO,CatBoost,0.7802075940383251,0.5308515583958229,0.7449632922987627,0.03140768201009165,0.4156760113555713,0.9685923179899083,0.7955215875569858,0.8174308137133416,0.09658678286129267,0.025,0.6859414596107648
GWO,LightGBM,GA,CatBoost,0.75847232079489,0.5305660656369668,0.7221985974403582,0.030583873957367932,0.39571504613200853,0.969416126042632,0.7437650844730491,0.8108219743907477,0.058460421205519246,0.07,0.7996911209229436
GWO,LightGBM,MFO,Random Forest,0.7677430801987225,0.5304600775694441,0.7271768713410416,0.030583873957367932,0.39571504613200853,0.969416126042632,0.7723250201126307,0.8104089219330854,0.05773420479302832,0.065,1.8865758352739224
GWO,LightGBM,MVO,Extra Trees,0.7741305890702626,0.5299219750998033,0.736705802299308,0.030583873957367932,0.39571504613200853,0.969416126042632,0.7917672298203272,0.8112350268484098,0.05737109658678286,0.055,1.9542419241333329
GWO,XGBoost,MFO,CatBoost,0.7704045422285308,0.5296378624558619,0.7297114292044325,0.030686849963958398,0.39952980837473384,0.9693131500360416,0.7798337355859479,0.8112350268484098,0.059186637618010164,0.06,0.49716186021254843
GWO,XGBoost,MFO,Random Forest,0.7714691270404542,0.529316580549194,0.7308412435293783,0.030686849963958398,0.39952980837473384,0.9693131500360416,0.7835880933226066,0.8108219743907477,0.058460421205519246,0.055,1.6562513899071951
GWO,Extra Trees,MVO,LightGBM,0.778388928317956,0.5292736634568819,0.738408854524623,0.03233446606940583,0.38972675656493966,0.9676655339305942,0.8161705551086083,0.7843866171003717,0.05773420479302832,0.03,2.5292004616738475
MVO,XGBoost,MFO,GBM,0.7564762242725337,0.5292646778648875,0.7219496401917423,0.060035011842240756,0.4256564939673527,0.9399649881577592,0.7715205148833467,0.8240396530359355,0.05809731299927379,0.085,1.0564591871379017
PSO,CatBoost,MVO,CatBoost,0.7894783534421576,0.5291588809766634,0.7387128701306847,0.03192256204304397,0.413236337828247,0.968077437956956,0.8240815231965675,0.9239983477901693,0.0014524328249818446,0.05,0.7396839106012116
PSO,XGBoost,MVO,Extra Trees,0.787304826117814,0.5291193132522519,0.7453907201105009,0.029966017917825147,0.4153211497515969,0.9700339820821748,0.8159023866988468,0.8983890954151177,0.02214960058097313,0.04,1.8046231106046369
MVO,XGBoost,MFO,XGBoost,0.7583836053938964,0.5289399795637906,0.7184072023040313,0.060035011842240756,0.4256564939673527,0.9399649881577592,0.7771520514883347,0.8244527054935977,0.05809731299927379,0.085,0.44273666632948994
MVO,CatBoost,GA,Random Forest,0.7790099361249113,0.5288682806208761,0.7380221785037445,0.030171969931006074,0.41727288857345635,0.9698280300689939,0.7951193349423438,0.8442792234613796,0.05737109658678286,0.06,2.156224524653469
GWO,LightGBM,MFO,CatBoost,0.7665010645848119,0.5288517668354191,0.725823399494429,0.030583873957367932,0.39571504613200853,0.969416126042632,0.7681684097613302,0.8108219743907477,0.058460421205519246,0.065,0.7385534422012074
GWO,CatBoost,MFO,GBM,0.7677874378992193,0.5286540826998499,0.7300884625112792,0.029966017917825147,0.4081352022711143,0.9700339820821748,0.7615982837221775,0.8364312267657993,0.06281771968046478,0.055,1.419464724620712
PSO,GBM,GA,Random Forest,0.7775017743080199,0.5285860738216343,0.7401372113691133,0.03140768201009165,0.4156760113555713,0.9685923179899083,0.7949852507374632,0.8042131350681536,0.08678286129266521,0.035,1.830879727069543
GWO,LightGBM,MFO,Extra Trees,0.7673438608942512,0.5284829155524741,0.7269316481417835,0.030583873957367932,0.39571504613200853,0.969416126042632,0.775408956824886,0.7976042957455597,0.05773420479302832,0.06,1.8832454638861222
MVO,LightGBM,GA,Extra Trees,0.7578956706884316,0.5283200956409765,0.7187398731474971,0.02903923385851097,0.39513839602555,0.9709607661414891,0.7355859479753285,0.8252788104089219,0.05737109658678286,0.075,1.8546989681618176
MVO,Extra Trees,MVO,XGBoost,0.7749290276792051,0.5283111197003504,0.738005581597914,0.04922253115024199,0.3992193044712562,0.950777468849758,0.8263609546795387,0.7885171416769929,0.05737109658678286,0.035,2.8363674465838082
MVO,CatBoost,MFO,GBM,0.772444996451384,0.5283075287828516,0.7340798836608191,0.030171969931006074,0.41727288857345635,0.9698280300689939,0.7752748726200054,0.8451053283767038,0.05737109658678286,0.05,1.6184611226133168
MVO,Extra Trees,MVO,Extra Trees,0.7707594038325053,0.5282500894418772,0.7330500274056849,0.04922253115024199,0.3992193044712562,0.950777468849758,0.8144274604451596,0.7670384138785625,0.07443718228031954,0.035,4.097273050100441
PSO,CatBoost,MVO,XGBoost,0.7904098651525905,0.5280786755097129,0.7394587034104422,0.03192256204304397,0.413236337828247,0.968077437956956,0.8239474389916868,0.9334985543163982,0.0014524328249818446,0.045,0.7173351928524314
MVO,Extra Trees,MVO,Random Forest,0.7707150461320085,0.5280744917359893,0.7330368023937793,0.04922253115024199,0.3992193044712562,0.950777468849758,0.8138911236256369,0.7682775712515489,0.07443718228031954,0.035,3.9792105610014916
MVO,XGBoost,GA,Extra Trees,0.7551898509581263,0.5278083445342425,0.7192374230293601,0.060035011842240756,0.4256564939673527,0.9399649881577592,0.7676320729418075,0.8228004956629492,0.058460421205519246,0.095,1.601911235925245
GWO,XGBoost,GA,Extra Trees,0.7656139105748758,0.5276012453329487,0.7248499692332923,0.030686849963958398,0.39952980837473384,0.9693131500360416,0.7662912308930008,0.8091697645600991,0.05773420479302832,0.07,1.581831540240399
MVO,LightGBM,MFO,GBM,0.7582505322924059,0.5275512943047187,0.7200692277048066,0.02903923385851097,0.39513839602555,0.9709607661414891,0.7374631268436578,0.8273440726972325,0.05410312273057371,0.065,1.3483539441312156
PSO,Extra Trees,MVO,XGBoost,0.7878814762242725,0.5271288647911265,0.7391808811722745,0.030171969931006074,0.4090223562810504,0.9698280300689939,0.8242156074014481,0.8905410987195373,0.011619462599854757,0.045,2.736856616577395
GWO,LightGBM,GA,LightGBM,0.7569641589779986,0.5270394092449444,0.7207213944322507,0.030583873957367932,0.39571504613200853,0.969416126042632,0.7397425583266292,0.8099958694754233,0.05809731299927379,0.065,1.6240131780026283
MVO,XGBoost,MVO,Extra Trees,0.7704488999290277,0.526912648389659,0.7360791979081911,0.060035011842240756,0.4256564939673527,0.9399649881577592,0.8130866183963529,0.825691862866584,0.05809731299927379,0.09,1.7539836530415587
PSO,XGBoost,MVO,Random Forest,0.787526614620298,0.5262032810107646,0.7399977368818121,0.029966017917825147,0.4153211497515969,0.9700339820821748,0.8157683024939663,0.9008674101610905,0.02214960058097313,0.04,1.6817987677786967
MVO,CatBoost,GA,GBM,0.7787437899219305,0.5261158221518126,0.7384902547675356,0.030171969931006074,0.41727288857345635,0.9698280300689939,0.7952534191472245,0.8418009087154068,0.05773420479302832,0.05,1.594599460874769
MVO,Extra Trees,MVO,CatBoost,0.7739531582682754,0.5258637100751857,0.7368652891180382,0.04922253115024199,0.3992193044712562,0.950777468849758,0.8259587020648967,0.781908302354399,0.05664488017429194,0.03,2.85795809275588
MVO,CatBoost,GA,Extra Trees,0.7703601845280341,0.5255298524606461,0.7299657157759634,0.030171969931006074,0.41727288857345635,0.9698280300689939,0.7691069991954947,0.8438661710037175,0.05737109658678286,0.06,2.1531701079137067
MVO,CatBoost,GA,LightGBM,0.7625975869410929,0.5254479085329486,0.7265387990804186,0.030171969931006074,0.41727288857345635,0.9698280300689939,0.7455081791364977,0.8438661710037175,0.05773420479302832,0.06,1.9540283383426158
MVO,LightGBM,GA,Random Forest,0.7641057487579844,0.52537566625123,0.7246164518834826,0.02903923385851097,0.39513839602555,0.9709607661414891,0.7539554840439796,0.8265179677819083,0.0570079883805374,0.08,1.8575913615197213
MVO,CatBoost,MFO,LightGBM,0.7720901348474095,0.5253546980961563,0.7307857494505614,0.030171969931006074,0.41727288857345635,0.9698280300689939,0.7743362831858407,0.8446922759190417,0.05664488017429194,0.06,1.472639856433302
MVO,LightGBM,MFO,XGBoost,0.7587828246983677,0.5251625402336606,0.7181029956448983,0.02903923385851097,0.39513839602555,0.9709607661414891,0.7379994636631805,0.8273440726972325,0.05664488017429194,0.07,0.7786332047229901
MVO,Extra Trees,MVO,LightGBM,0.7721788502484032,0.525067359785966,0.735138037480638,0.04922253115024199,0.3992193044712562,0.950777468849758,0.8181818181818182,0.7885171416769929,0.0570079883805374,0.035,3.3031956364554604
GWO,LightGBM,GA,Extra Trees,0.761444286728176,0.5248498487600268,0.7206722833183223,0.030583873957367932,0.39571504613200853,0.969416126042632,0.7539554840439796,0.808756712102437,0.0570079883805374,0.07,1.8128665559492319
GWO,XGBoost,MFO,XGBoost,0.7688520227111426,0.5246310071428091,0.7280664509441387,0.030686849963958398,0.39952980837473384,0.9693131500360416,0.7755430410297667,0.8112350268484098,0.058823529411764705,0.05,0.4938068061481766
GWO,XGBoost,GA,LightGBM,0.7580731014904187,0.5245930907819882,0.7216639726769997,0.030686849963958398,0.39952980837473384,0.9693131500360416,0.7429605792437651,0.8104089219330854,0.058823529411764705,0.06,1.3911575827059233
PSO,Extra Trees,MVO,CatBoost,0.7865063875088716,0.5245321424118065,0.7375499331443098,0.030171969931006074,0.4090223562810504,0.9698280300689939,0.8238133547868061,0.8814539446509707,0.00944081336238199,0.045,2.7589774330610255
PSO,CatBoost,GA,CatBoost,0.7666341376863024,0.5241621590807732,0.7227777045755296,0.03192256204304397,0.413236337828247,0.968077437956956,0.7577098417806383,0.9132589838909542,0.002178649237472767,0.07,0.8168411120355097
GWO,Extra Trees,MVO,Extra Trees,0.7687189496096523,0.5239378960147101,0.7336665564931393,0.03233446606940583,0.38972675656493966,0.9676655339305942,0.7877447036739073,0.7637339942172656,0.07371096586782862,0.03,3.304396479038825
GWO,Extra Trees,MVO,Random Forest,0.7691181689141235,0.5238351331355126,0.7310964442755491,0.03233446606940583,0.38972675656493966,0.9676655339305942,0.7876106194690266,0.7662123089632383,0.07516339869281045,0.03,3.189141253569562
PSO,Random Forest,MVO,LightGBM,0.7865063875088716,0.5237261888085858,0.7366329400484165,0.028318401812377717,0.4027235628105039,0.9716815981876222,0.832260659694288,0.8541924824452706,0.0039941902687000725,0.045,3.042517380521042
PSO,GBM,GA,Extra Trees,0.7703601845280341,0.5233722427311416,0.7357906656455763,0.03140768201009165,0.4156760113555713,0.9685923179899083,0.7705819254491821,0.8029739776951673,0.09549745824255629,0.035,1.8278369993913977
PSO,GBM,GA,GBM,0.7726224272533712,0.5232549917769913,0.7368215898634093,0.03140768201009165,0.4156760113555713,0.9685923179899083,0.7805041566103513,0.8017348203221809,0.08859840232389252,0.03,1.2714039672449233
PSO,Extra Trees,MVO,Extra Trees,0.7823367636621718,0.5228788926341268,0.7394020980539989,0.030171969931006074,0.4090223562810504,0.9698280300689939,0.8129525341914723,0.8665840561751342,0.017792302106027596,0.045,4.028724457691492
GWO,Extra Trees,MVO,XGBoost,0.7726224272533712,0.5228127780505997,0.7327170985305581,0.03233446606940583,0.38972675656493966,0.9676655339305942,0.799007776883883,0.7835605121850475,0.05773420479302832,0.03,2.0734724087613654
PSO,Extra Trees,MVO,Random Forest,0.7826916252661462,0.5226652267402205,0.7349603512183538,0.030171969931006074,0.4090223562810504,0.9698280300689939,0.8129525341914723,0.8698884758364313,0.017792302106027596,0.045,3.9077628785824463
MVO,XGBoost,GA,Random Forest,0.7633960255500355,0.5224943441314913,0.7273874184726408,0.060035011842240756,0.4256564939673527,0.9399649881577592,0.7920353982300885,0.8236266005782734,0.05809731299927379,0.105,1.6050270202384966
GWO,LightGBM,MFO,GBM,0.7590489709013485,0.5224873612302308,0.7208660731531286,0.030583873957367932,0.39571504613200853,0.969416126042632,0.7461786001609011,0.8108219743907477,0.05773420479302832,0.055,1.305782591043866
PSO,XGBoost,GA,CatBoost,0.7678317955997161,0.5223468045778781,0.726120960353516,0.029966017917825147,0.4153211497515969,0.9700339820821748,0.7577098417806383,0.9004543577034283,0.017429193899782137,0.055,0.5928689159561806
PSO,Extra Trees,MFO,Random Forest,0.7758161816891412,0.5221813436996876,0.7286145903093638,0.030171969931006074,0.4090223562810504,0.9698280300689939,0.7932421560740145,0.8669971086327963,0.016339869281045753,0.06,3.95878285861374
GWO,LightGBM,MFO,XGBoost,0.7649929027679205,0.5220241111748087,0.7241447539787301,0.030583873957367932,0.39571504613200853,0.969416126042632,0.7642799678197908,0.8108219743907477,0.05773420479302832,0.05,0.7352304226266253
MVO,Extra Trees,MFO,Extra Trees,0.763041163946061,0.5219780353763531,0.7242381687507067,0.04922253115024199,0.3992193044712562,0.950777468849758,0.7980691874497184,0.7472118959107806,0.07298474945533769,0.035,4.02564788002703
GWO,XGBoost,MFO,GBM,0.7633073101490419,0.5217661621591663,0.725095012296473,0.030686849963958398,0.39952980837473384,0.9693131500360416,0.7590506838294448,0.8112350268484098,0.058460421205519246,0.045,1.0698591972404405
MVO,XGBoost,MFO,LightGBM,0.7500443577004968,0.5215350101067803,0.7100755852984795,0.060035011842240756,0.4256564939673527,0.9399649881577592,0.7518101367658889,0.8240396530359355,0.058460421205519246,0.09,0.9077081644671858
PSO,CatBoost,GA,Random Forest,0.7781671398154719,0.5215262837904686,0.7273141639065964,0.03192256204304397,0.413236337828247,0.968077437956956,0.7937784928935372,0.9107806691449815,0.0014524328249818446,0.065,1.8779023397598902
PSO,CatBoost,MVO,Random Forest,0.7843772178850248,0.5211614829238304,0.7334926870839854,0.03192256204304397,0.413236337828247,0.968077437956956,0.8124161973719496,0.9128459314332921,0.0014524328249818446,0.045,1.9003047988430029
MVO,LightGBM,GA,LightGBM,0.7528388928317956,0.5211314440648157,0.7134039724707137,0.02903923385851097,0.39513839602555,0.9709607661414891,0.7203003486189327,0.8261049153242461,0.0570079883805374,0.07,1.6661207941064038
GWO,XGBoost,MFO,LightGBM,0.7640613910574876,0.5210797905252912,0.7233845964177961,0.030686849963958398,0.39952980837473384,0.9693131500360416,0.7611960311075355,0.8108219743907477,0.058460421205519246,0.055,0.9302384738978877
PSO,CatBoost,MVO,Extra Trees,0.7840667139815471,0.5210589198665428,0.7383064786762975,0.03192256204304397,0.413236337828247,0.968077437956956,0.8125502815768303,0.909541511771995,0.0014524328249818446,0.045,2.0225125931147594
PSO,Random Forest,GA,XGBoost,0.7747515968772178,0.5206775993837673,0.7276252050992782,0.028318401812377717,0.4027235628105039,0.9716815981876222,0.8035666398498257,0.8298223874432052,0.005809731299927378,0.06,2.6658799092290772
MVO,Extra Trees,MFO,Random Forest,0.7638396025550035,0.5206554577540324,0.726044553015569,0.04922253115024199,0.3992193044712562,0.950777468849758,0.7945829981228212,0.7649731515902519,0.07334785766158315,0.035,4.029007743550201
PSO,GBM,MFO,CatBoost,0.7651703335699077,0.5206260287598885,0.7294114378676213,0.03140768201009165,0.4156760113555713,0.9685923179899083,0.7550281576830249,0.8042131350681536,0.09368191721132897,0.04,0.699332550458236
PSO,Extra Trees,GA,Random Forest,0.7747515968772178,0.5206189276694138,0.7265935869748819,0.030171969931006074,0.4090223562810504,0.9698280300689939,0.7908286403861625,0.8665840561751342,0.014161220043572984,0.065,3.8855888687922597
MVO,XGBoost,GA,LightGBM,0.7470723917672107,0.5205731808302374,0.7124272362091426,0.060035011842240756,0.4256564939673527,0.9399649881577592,0.7430946634486457,0.8232135481206113,0.058460421205519246,0.09,1.3987684251668537
GWO,Extra Trees,MVO,CatBoost,0.7720014194464159,0.5205245629563765,0.7320746656721231,0.03233446606940583,0.38972675656493966,0.9676655339305942,0.7988736926790024,0.7781908302354399,0.05809731299927379,0.025,2.094549677346679
PSO,Extra Trees,MFO,Extra Trees,0.7745741660752307,0.5203435767783748,0.7275971531665895,0.030171969931006074,0.4090223562810504,0.9698280300689939,0.7965942611960312,0.8471705906650144,0.014524328249818447,0.06,3.9553404917751673
GWO,Random Forest,MVO,LightGBM,0.7696504613200852,0.5202031133445886,0.7330044649437516,0.04706003501184224,0.3941625266146203,0.9529399649881578,0.8164387235183695,0.7612556794712928,0.05773420479302832,0.03,2.8162064211046918
PSO,XGBoost,GA,Random Forest,0.7792760823278921,0.5200354971306159,0.7307835466559743,0.029966017917825147,0.4153211497515969,0.9700339820821748,0.7936444086886565,0.8979760429574556,0.016339869281045753,0.05,1.659283286413821
PSO,XGBoost,MFO,CatBoost,0.7789655784244145,0.5199171373597874,0.7313476869750847,0.029966017917825147,0.4153211497515969,0.9700339820821748,0.7908286403861625,0.8979760429574556,0.02178649237472767,0.045,0.5287021088861645
MVO,LightGBM,GA,GBM,0.7593594748048261,0.51971488301213,0.7207935337194668,0.02903923385851097,0.39513839602555,0.9709607661414891,0.7400107267363905,0.8252788104089219,0.05737109658678286,0.075,1.3257580386600787
PSO,CatBoost,MFO,Random Forest,0.7779009936124911,0.5195715216760605,0.7278779846550409,0.03192256204304397,0.413236337828247,0.968077437956956,0.7932421560740145,0.9111937216026436,0.0010893246187363835,0.055,1.9518504158011993
PSO,CatBoost,MFO,Extra Trees,0.7766589779985805,0.5191735908802521,0.7273339384327837,0.03192256204304397,0.413236337828247,0.968077437956956,0.7961920085813892,0.8905410987195373,0.0010893246187363835,0.055,1.9483725837365489
MVO,XGBoost,GA,GBM,0.7618878637331441,0.5190759552481119,0.7261188209283911,0.060035011842240756,0.4256564939673527,0.9399649881577592,0.7880128720836685,0.8223874432052871,0.058460421205519246,0.095,1.0321181107008754
GWO,LightGBM,MFO,LightGBM,0.7604684173172462,0.518874855200862,0.7197166586783453,0.030583873957367932,0.39571504613200853,0.969416126042632,0.7506033789219629,0.8104089219330854,0.05773420479302832,0.055,1.1674949844113676
PSO,CatBoost,MFO,CatBoost,0.7763041163946061,0.5182438590572174,0.7255885667404575,0.03192256204304397,0.413236337828247,0.968077437956956,0.7880128720836685,0.9107806691449815,0.002178649237472767,0.06,0.7529964068486816
PSO,XGBoost,MFO,Random Forest,0.7800745209368346,0.5180206947885002,0.7327306301158707,0.029966017917825147,0.4153211497515969,0.9700339820821748,0.7960579243765085,0.8983890954151177,0.017066085693536674,0.035,1.7336044366902033
MVO,LightGBM,MFO,LightGBM,0.752971965933286,0.5179772687443268,0.711833515992045,0.02903923385851097,0.39513839602555,0.9709607661414891,0.7207026012335747,0.8269310202395704,0.05628177196804648,0.07,1.2102678551409347
MVO,XGBoost,GA,CatBoost,0.752040454222853,0.5179523929015314,0.7204430165728709,0.060035011842240756,0.4256564939673527,0.9399649881577592,0.7566371681415929,0.825691862866584,0.058460421205519246,0.115,0.5120747294223573
PSO,GBM,MFO,Random Forest,0.7671220723917672,0.5173140742565743,0.7305631439218441,0.03140768201009165,0.4156760113555713,0.9685923179899083,0.7661571466881202,0.8046261875258158,0.07988380537400146,0.03,1.9052643793433846
PSO,XGBoost,MFO,Extra Trees,0.7788768630234209,0.5170231333375133,0.7319738615157232,0.029966017917825147,0.4153211497515969,0.9700339820821748,0.7995441137034057,0.8777364725320116,0.01597676107480029,0.035,1.7301090586715984
PSO,Extra Trees,GA,CatBoost,0.7624201561391057,0.5168182013486604,0.7202511662298458,0.030171969931006074,0.4090223562810504,0.9698280300689939,0.7550281576830249,0.8682362660057827,0.00907770515613653,0.06,2.835347823188297
MVO,Extra Trees,GA,XGBoost,0.7578956706884316,0.5167819365946722,0.7207002283127627,0.04922253115024199,0.3992193044712562,0.950777468849758,0.7805041566103513,0.7641470466749277,0.06318082788671024,0.04,2.92983543801646
PSO,CatBoost,GA,GBM,0.7776792051100071,0.5167623205504656,0.7279302217135197,0.03192256204304397,0.413236337828247,0.968077437956956,0.7932421560740145,0.9074762494836844,0.002541757443718228,0.055,1.3217102387540045
PSO,Extra Trees,GA,GBM,0.7740862313697658,0.5163089882202606,0.7264849173755823,0.030171969931006074,0.4090223562810504,0.9698280300689939,0.7898900509519978,0.8641057414291615,0.014161220043572984,0.055,3.335068542109641
PSO,Extra Trees,MFO,CatBoost,0.772666784953868,0.5160868959896964,0.7240452798728307,0.030171969931006074,0.4090223562810504,0.9698280300689939,0.7857334406006973,0.8665840561751342,0.011256354393609296,0.06,2.7721541749994025
PSO,XGBoost,GA,GBM,0.7787881476224272,0.5158217810977846,0.7313824444589191,0.029966017917825147,0.4153211497515969,0.9700339820821748,0.7928399034593725,0.895910780669145,0.017066085693536674,0.04,1.1002851496901078
PSO,Random Forest,GA,Random Forest,0.771513484740951,0.5156668106535308,0.7228265034206082,0.028318401812377717,0.4027235628105039,0.9716815981876222,0.7921694824349692,0.8302354399008675,0.00944081336238199,0.065,3.7026336756337015
PSO,XGBoost,GA,LightGBM,0.7635290986515259,0.5155771643428153,0.7224055482668921,0.029966017917825147,0.4153211497515969,0.9700339820821748,0.7443014212925717,0.8979760429574556,0.021423384168482208,0.045,1.4580328460578609
PSO,Extra Trees,GA,LightGBM,0.7585610361958836,0.5155519946364173,0.7177434325156986,0.030171969931006074,0.4090223562810504,0.9698280300689939,0.7404129793510325,0.8669971086327963,0.01815541031227306,0.06,3.6873906085634536
GWO,CatBoost,MVO,GBM,0.7749290276792051,0.5152178623409982,0.7263266280915751,0.029966017917825147,0.4081352022711143,0.9700339820821748,0.8037007240547064,0.835605121850475,0.007625272331154684,0.06,1.292487145465097
PSO,CatBoost,GA,LightGBM,0.76166607523066,0.5152088936582738,0.7178067746962108,0.03192256204304397,0.413236337828247,0.968077437956956,0.7443014212925717,0.909541511771995,0.0018155410312273058,0.06,1.6776621280375659
PSO,Extra Trees,MFO,GBM,0.7642388218594748,0.5151990732248881,0.7206953667969975,0.030171969931006074,0.4090223562810504,0.9698280300689939,0.7578439259855189,0.8674101610904585,0.017429193899782137,0.055,3.358458398906829
PSO,Extra Trees,MVO,GBM,0.7771469127040455,0.5145843578806601,0.7283517730784415,0.030171969931006074,0.4090223562810504,0.9698280300689939,0.800214534727809,0.8674101610904585,0.00907770515613653,0.045,3.2312048115365517
GWO,Extra Trees,MVO,GBM,0.7665897799858056,0.5145311553068848,0.7261095965529949,0.03233446606940583,0.38972675656493966,0.9676655339305942,0.7869401984446233,0.7645600991325898,0.05809731299927379,0.025,2.544499763810834
PSO,CatBoost,MVO,GBM,0.7809616749467707,0.5141896732102202,0.7299039308305812,0.03192256204304397,0.413236337828247,0.968077437956956,0.803030303030303,0.9107806691449815,0.0014524328249818446,0.035,1.216776444803359
MVO,LightGBM,MVO,GBM,0.7662349183818311,0.5137767843960147,0.7173877600519062,0.02903923385851097,0.39513839602555,0.9709607661414891,0.7794314829713059,0.8265179677819083,0.006535947712418301,0.065,1.2254198853204104
GWO,Random Forest,MVO,Random Forest,0.7591820440028388,0.5136229908441171,0.722242430746435,0.04706003501184224,0.3941625266146203,0.9529399649881578,0.7839903459372486,0.7430813713341594,0.07588961510530139,0.03,3.483658489939807
GWO,Random Forest,MVO,Extra Trees,0.758915897799858,0.5135997793340349,0.7251881008435964,0.04706003501184224,0.3941625266146203,0.9529399649881578,0.7843925985518906,0.7410161090458488,0.07443718228031954,0.03,3.6002255208435026
PSO,GBM,MFO,Extra Trees,0.7654808374733854,0.5132390815640877,0.7287176685513269,0.03140768201009165,0.4156760113555713,0.9685923179899083,0.7692410834003754,0.7872779843040066,0.07334785766158315,0.03,1.9017660147794258
PSO,XGBoost,MFO,XGBoost,0.7778122782114976,0.5131665211519212,0.7300354293319276,0.029966017917825147,0.4153211497515969,0.9700339820821748,0.7880128720836685,0.8983890954151177,0.020697167755991286,0.03,0.5252144469338258
GWO,Random Forest,MVO,XGBoost,0.7629968062455642,0.513097264440422,0.7264441429889245,0.04706003501184224,0.3941625266146203,0.9529399649881578,0.7961920085813892,0.7612556794712928,0.05809731299927379,0.03,2.355291388304747
GWO,Extra Trees,GA,XGBoost,0.7648154719659332,0.5126869177901978,0.7228898232421582,0.03233446606940583,0.38972675656493966,0.9676655339305942,0.7894877983373558,0.7633209417596035,0.037037037037037035,0.035,2.1647179390643965
MVO,Extra Trees,MFO,CatBoost,0.7602022711142654,0.5123095901273078,0.7203651466900213,0.04922253115024199,0.3992193044712562,0.950777468849758,0.7892196299275945,0.7649731515902519,0.05809731299927379,0.035,2.870819027301525
PSO,XGBoost,MFO,GBM,0.7688520227111426,0.5121789902774311,0.7256190324451789,0.029966017917825147,0.4153211497515969,0.9700339820821748,0.7607937784928935,0.8988021478727798,0.020697167755991286,0.03,1.1240352016575814
PSO,Random Forest,MVO,XGBoost,0.7794091554293825,0.5121327412405122,0.7296510988554072,0.028318401812377717,0.4027235628105039,0.9716815981876222,0.8116116921426656,0.8533663775299463,0.0032679738562091504,0.035,2.571591476538294
PSO,Random Forest,MVO,Extra Trees,0.7741305890702626,0.5119188583347983,0.7314735977309269,0.028318401812377717,0.4027235628105039,0.9716815981876222,0.800214534727809,0.8306484923585296,0.010893246187363835,0.035,3.8435650292413506
PSO,CatBoost,MFO,GBM,0.7672551454932577,0.5119160026092742,0.7211276975645822,0.03192256204304397,0.413236337828247,0.968077437956956,0.7611960311075355,0.9116067740603057,0.0010893246187363835,0.045,1.345341071193285
GWO,Extra Trees,GA,LightGBM,0.7496451383960255,0.5117809010952752,0.7149037750899895,0.03233446606940583,0.38972675656493966,0.9676655339305942,0.7298203271654599,0.7637339942172656,0.07407407407407407,0.035,2.9791650292569205
PSO,GBM,GA,CatBoost,0.7650372604684174,0.511701442371217,0.7263473351964469,0.03140768201009165,0.4156760113555713,0.9685923179899083,0.7662912308930008,0.8066914498141264,0.06027596223674655,0.035,0.7635541833807096
PSO,Random Forest,MFO,Random Forest,0.767610007097232,0.5116135618999736,0.7207439496196285,0.028318401812377717,0.4027235628105039,0.9716815981876222,0.7806382408152319,0.8306484923585296,0.00907770515613653,0.055,3.7747005050002804
PSO,LightGBM,MVO,XGBoost,0.774263662171753,0.5115903529980943,0.729564873646829,0.030583873957367932,0.41026437189496096,0.969416126042632,0.7685706623759722,0.9376290788930194,0.012708787218591141,0.02,0.7568958609924449
PSO,GBM,MFO,XGBoost,0.7613555713271823,0.5115815401900209,0.7255752412632943,0.03140768201009165,0.4156760113555713,0.9685923179899083,0.7452400107267364,0.8042131350681536,0.09005083514887437,0.025,0.6958419085533587
MVO,Extra Trees,MFO,XGBoost,0.7582061745919092,0.5115663261877145,0.7175525920981811,0.04922253115024199,0.3992193044712562,0.950777468849758,0.7838562617323679,0.7653862040479141,0.05628177196804648,0.03,2.8674665806956243
GWO,Random Forest,MVO,CatBoost,0.7623757984386089,0.5115342512237275,0.7258761808514457,0.04706003501184224,0.3941625266146203,0.9529399649881578,0.7959238401716278,0.7554729450640232,0.059186637618010164,0.025,2.3766085529586394
PSO,LightGBM,MVO,Extra Trees,0.76694464158978,0.5111946597805818,0.7273455597768891,0.030583873957367932,0.41026437189496096,0.969416126042632,0.7566371681415929,0.9136720363486163,0.006172839506172839,0.02,2.0526865195397046
PSO,Random Forest,MFO,Extra Trees,0.7665010645848119,0.5106728502262484,0.7201280323320135,0.028318401812377717,0.4027235628105039,0.9716815981876222,0.7838562617323679,0.8104089219330854,0.00907770515613653,0.055,3.77131114934174
PSO,Random Forest,MVO,CatBoost,0.778388928317956,0.5105930273283186,0.7285473555485474,0.028318401812377717,0.4027235628105039,0.9716815981876222,0.8117457763475463,0.8442792234613796,0.002541757443718228,0.035,2.593371640604543
PSO,GBM,MVO,GBM,0.7731547196593329,0.5102493688617047,0.7329663768754686,0.03140768201009165,0.4156760113555713,0.9685923179899083,0.7924376508447305,0.80545229244114,0.05809731299927379,0.02,1.165850662917798
PSO,Extra Trees,GA,Extra Trees,0.7656139105748758,0.5102241764863259,0.7183919796215261,0.030171969931006074,0.4090223562810504,0.9698280300689939,0.7629391257709842,0.8649318463444857,0.016339869281045753,0.065,3.8825948455375183
MVO,Extra Trees,GA,GBM,0.7526171043293116,0.5099409414533075,0.7155031078925609,0.04922253115024199,0.3992193044712562,0.950777468849758,0.7607937784928935,0.7637339942172656,0.07407407407407407,0.035,3.4202420078884623
PSO,XGBoost,MFO,LightGBM,0.7730660042583393,0.5099130196814783,0.7254049750168552,0.029966017917825147,0.4153211497515969,0.9700339820821748,0.7737999463663181,0.8979760429574556,0.020334059549745823,0.035,0.9788959951896875
MVO,CatBoost,MVO,GBM,0.7794978708303761,0.509879612397617,0.7293628895324314,0.030171969931006074,0.41727288857345635,0.9698280300689939,0.8173773129525342,0.8442792234613796,0.002178649237472767,0.045,1.4886406588466752
GWO,Extra Trees,MFO,GBM,0.754568843151171,0.5098628466920889,0.7179876836680928,0.03233446606940583,0.38972675656493966,0.9676655339305942,0.7456422633413784,0.7645600991325898,0.07153231663035585,0.025,2.665750172512196
PSO,CatBoost,GA,Extra Trees,0.7694286728176012,0.5097245967868209,0.7194098626221136,0.03192256204304397,0.413236337828247,0.968077437956956,0.7677661571466882,0.909541511771995,0.0014524328249818446,0.065,1.8748774703703266
GWO,Extra Trees,MFO,CatBoost,0.7586497515968772,0.5097078796911434,0.7182900026097822,0.03233446606940583,0.38972675656493966,0.9676655339305942,0.7626709573612228,0.7645600991325898,0.05809731299927379,0.035,2.107104807448683
MVO,Random Forest,MVO,XGBoost,0.754347054648687,0.5096755559825756,0.7191395998614856,0.07362784471218206,0.39930801987224984,0.9263721552878179,0.8051756503083937,0.7926476662536142,0.02868554829339143,0.035,2.18937336505786
PSO,CatBoost,MFO,XGBoost,0.7751064584811923,0.5095388451357366,0.7240851551796872,0.03192256204304397,0.413236337828247,0.968077437956956,0.7854652721909359,0.9107806691449815,0.0007262164124909223,0.04,0.7495262521175072
PSO,Extra Trees,MFO,XGBoost,0.771513484740951,0.5094478895700942,0.7227651939000457,0.030171969931006074,0.4090223562810504,0.9698280300689939,0.7829176722982033,0.8669971086327963,0.010167029774872912,0.045,2.7687194072046237
PSO,XGBoost,GA,Extra Trees,0.7707594038325053,0.5094472463185756,0.7234059874691385,0.029966017917825147,0.4153211497515969,0.9700339820821748,0.7680343255564495,0.8975629904997935,0.016339869281045753,0.05,1.656243156304924
MVO,Extra Trees,GA,Random Forest,0.7528388928317956,0.5093998589708936,0.7163358047681152,0.04922253115024199,0.3992193044712562,0.950777468849758,0.7611960311075355,0.7645600991325898,0.07371096586782862,0.04,3.957567996408532
PSO,XGBoost,MVO,GBM,0.7802519517388219,0.5088425375706327,0.729923282689392,0.029966017917825147,0.4153211497515969,0.9700339820821748,0.802628050415661,0.8979760429574556,0.0014524328249818446,0.03,0.994821955963198
MVO,XGBoost,MVO,GBM,0.7633960255500355,0.5086568597099774,0.7160000935799716,0.060035011842240756,0.4256564939673527,0.9399649881577592,0.8133547868061143,0.8236266005782734,0.002178649237472767,0.08,0.9240304457426967
PSO,Random Forest,MVO,Random Forest,0.7743523775727467,0.5084758784114195,0.7257021542676381,0.028318401812377717,0.4027235628105039,0.9716815981876222,0.800214534727809,0.8327137546468402,0.010893246187363835,0.035,3.7244662138491997
PSO,Random Forest,MFO,GBM,0.759625621007807,0.5082988173388608,0.7162943375816816,0.028318401812377717,0.4027235628105039,0.9716815981876222,0.7565030839367123,0.8310615448161917,0.00907770515613653,0.05,3.1836208206190806
PSO,CatBoost,MFO,LightGBM,0.7704045422285308,0.5082241891659934,0.7196683728075243,0.03192256204304397,0.413236337828247,0.968077437956956,0.7708500938589434,0.9107806691449815,0.0010893246187363835,0.05,1.2009304285087927
MVO,Random Forest,MVO,CatBoost,0.7534599006387509,0.5079118496832472,0.7181971540511111,0.07362784471218206,0.39930801987224984,0.9263721552878179,0.8047733976937517,0.7860388269310202,0.02868554829339143,0.03,2.210968809151304
PSO,LightGBM,MVO,CatBoost,0.7723562810503903,0.5077595144961545,0.7270504420071341,0.030583873957367932,0.41026437189496096,0.969416126042632,0.7681684097613302,0.9281288723667905,0.006535947712418301,0.02,0.7790838483752774
MVO,Extra Trees,MFO,GBM,0.7524840312278211,0.5075274113969704,0.7151140640631973,0.04922253115024199,0.3992193044712562,0.950777468849758,0.7601233574684902,0.7653862040479141,0.07371096586782862,0.03,3.4430712792445726
PSO,Extra Trees,MFO,LightGBM,0.7663679914833215,0.5074971903019185,0.7178615580474249,0.030171969931006074,0.4090223562810504,0.9698280300689939,0.7672298203271655,0.8665840561751342,0.010167029774872912,0.055,3.215520385146234
PSO,Random Forest,GA,LightGBM,0.7551011355571328,0.507345856051699,0.7123123020801732,0.028318401812377717,0.4027235628105039,0.9716815981876222,0.7422901582193617,0.8294093349855431,0.011256354393609296,0.06,3.5074875955320506
MVO,Extra Trees,MFO,LightGBM,0.7526614620298083,0.5072651826476581,0.7120095723927573,0.04922253115024199,0.3992193044712562,0.950777468849758,0.7669616519174042,0.7649731515902519,0.05664488017429194,0.035,3.303559065401675
PSO,LightGBM,GA,GBM,0.7666784953867991,0.5072071382907677,0.7175250160795583,0.030583873957367932,0.41026437189496096,0.969416126042632,0.7532850630195763,0.9120198265179678,0.013798111837327523,0.03,1.3569242851598609
GWO,LightGBM,MVO,GBM,0.7660131298793471,0.5065155227165059,0.7166881629215741,0.030583873957367932,0.39571504613200853,0.969416126042632,0.7881469562885492,0.8099958694754233,0.0018155410312273058,0.055,1.18266912689353
MVO,Random Forest,MVO,LightGBM,0.751596877217885,0.5063984718883614,0.7162499820792616,0.07362784471218206,0.39930801987224984,0.9263721552878179,0.7969965138106732,0.7926476662536142,0.02832244008714597,0.035,2.656305294527262
PSO,Random Forest,GA,GBM,0.7700496806245565,0.5063128377946724,0.7224646376406366,0.028318401812377717,0.4027235628105039,0.9716815981876222,0.7886832931080718,0.828583230070219,0.00980392156862745,0.045,3.160591158992178
GWO,Random Forest,MVO,GBM,0.7589602555003548,0.5062237840525942,0.719511533288102,0.04706003501184224,0.3941625266146203,0.9529399649881578,0.7908286403861625,0.7401900041305246,0.058460421205519246,0.025,2.8316798559771326
GWO,Extra Trees,GA,Random Forest,0.7606902058197303,0.5057255472312977,0.7176428032662285,0.03233446606940583,0.38972675656493966,0.9676655339305942,0.7759452936444087,0.7637339942172656,0.03957879448075526,0.035,3.1680133010680347
GWO,GBM,MVO,LightGBM,0.7463626685592619,0.5052299593832628,0.7161178096429671,0.07599629286376275,0.39957416607523066,0.9240037071362373,0.7868061142397426,0.7492771581990912,0.060639070442992014,0.02,1.1287211077999346
GWO,Random Forest,GA,LightGBM,0.7447657913413769,0.5051491271380041,0.7103985111313733,0.04706003501184224,0.3941625266146203,0.9529399649881578,0.7416197371949584,0.7401900041305246,0.074800290486565,0.035,3.2712923700624867
GWO,Extra Trees,MFO,XGBoost,0.7574964513839603,0.5049996536186143,0.7168898585581124,0.03233446606940583,0.38972675656493966,0.9676655339305942,0.7598551890587288,0.7645600991325898,0.0570079883805374,0.025,2.1038320745731895
MVO,Random Forest,MVO,Extra Trees,0.7501330731014905,0.5049828446651887,0.710323040627246,0.07362784471218206,0.39930801987224984,0.9263721552878179,0.7932421560740145,0.7707558859975217,0.0457516339869281,0.035,3.4505591698197193
PSO,Random Forest,GA,Extra Trees,0.7626863023420866,0.5049296399058515,0.7150185156928635,0.028318401812377717,0.4027235628105039,0.9716815981876222,0.7657548940734782,0.8298223874432052,0.00907770515613653,0.065,3.699685759233117
MVO,Random Forest,MVO,Random Forest,0.7500887154009936,0.5048565100385656,0.7103474474075143,0.07362784471218206,0.39930801987224984,0.9263721552878179,0.7927058192544918,0.7719950433705081,0.0457516339869281,0.035,3.332470444612081
GWO,Random Forest,GA,XGBoost,0.7575408090844571,0.5046353600765554,0.7165721379122253,0.04706003501184224,0.3941625266146203,0.9529399649881578,0.7939125770984178,0.7393638992152003,0.03848946986201888,0.035,2.447575451845919
MVO,GBM,MVO,XGBoost,0.7453867991483322,0.5046019639273468,0.7112746675597174,0.07671712490989599,0.39513839602555,0.923282875090104,0.7672298203271655,0.8339529120198265,0.034858387799564274,0.005,0.796595373823747
MVO,Extra Trees,GA,Extra Trees,0.7443665720369056,0.5044895421854457,0.7072865175655447,0.04922253115024199,0.3992193044712562,0.950777468849758,0.7361222847948512,0.7633209417596035,0.07298474945533769,0.045,3.9546457310042733
PSO,LightGBM,GA,CatBoost,0.7622870830376153,0.5043819635925192,0.7154860198260564,0.030583873957367932,0.41026437189496096,0.969416126042632,0.7379994636631805,0.9178025609252375,0.013798111837327523,0.035,0.8556861407825147
PSO,Random Forest,GA,CatBoost,0.7585610361958836,0.5043590105454123,0.713900196382436,0.028318401812377717,0.4027235628105039,0.9716815981876222,0.7556985787074283,0.8327137546468402,0.0010893246187363835,0.05,2.6685659548834173
GWO,Extra Trees,MFO,LightGBM,0.7531937544357701,0.5040076557246416,0.712713419197386,0.03233446606940583,0.38972675656493966,0.9676655339305942,0.7467149369804237,0.7641470466749277,0.0570079883805374,0.035,2.529555249087341
GWO,XGBoost,MVO,GBM,0.7702714691270405,0.5039296191207867,0.7207240912019807,0.030686849963958398,0.39952980837473384,0.9693131500360416,0.8011531241619737,0.8104089219330854,0.002541757443718228,0.04,0.9455588977670546
PSO,GBM,MFO,LightGBM,0.7516855926188787,0.5038481005034796,0.7162893905888044,0.03140768201009165,0.4156760113555713,0.9685923179899083,0.7156074014481094,0.8046261875258158,0.09041394335511982,0.03,1.1499110945734035
MVO,GBM,MVO,CatBoost,0.7445883605393896,0.5037769810024952,0.7104839945452871,0.07671712490989599,0.39513839602555,0.923282875090104,0.7668275677125235,0.8273440726972325,0.03522149600580973,0.005,0.8179653156127267
GWO,Extra Trees,GA,GBM,0.7594481902058198,0.5037521706232477,0.7167598251164042,0.03233446606940583,0.38972675656493966,0.9676655339305942,0.7723250201126307,0.7624948368442792,0.04066811909949165,0.03,2.6434637304972197
PSO,LightGBM,GA,Random Forest,0.769916607523066,0.5036965126468514,0.7187973204334024,0.030583873957367932,0.41026437189496096,0.969416126042632,0.7665593993027622,0.9153242461792648,0.0010893246187363835,0.035,1.909116292695653
PSO,Random Forest,MVO,GBM,0.772444996451384,0.5036809737078547,0.7224116102903483,0.028318401812377717,0.4027235628105039,0.9716815981876222,0.7984714400643604,0.8306484923585296,0.0018155410312273058,0.035,3.058326891572909
GWO,Extra Trees,GA,Extra Trees,0.7540365507452094,0.5034687157215592,0.7124482289007334,0.03233446606940583,0.38972675656493966,0.9676655339305942,0.7526146419951729,0.7633209417596035,0.048293391430646336,0.04,3.1651605206411664
MVO,Extra Trees,GA,LightGBM,0.7360716820440029,0.5032657332764668,0.7034847240113339,0.04922253115024199,0.3992193044712562,0.950777468849758,0.7103781174577635,0.7649731515902519,0.07371096586782862,0.04,3.7641199601804383
PSO,Random Forest,MFO,CatBoost,0.7649929027679205,0.5031785264256357,0.7152747701035495,0.028318401812377717,0.4027235628105039,0.9716815981876222,0.775408956824886,0.8302354399008675,0.002178649237472767,0.055,2.6063454655756444
PSO,LightGBM,MFO,GBM,0.7579400283889283,0.5029657169440326,0.7152511626656658,0.030583873957367932,0.41026437189496096,0.969416126042632,0.7208366854384554,0.916150351094589,0.027233115468409588,0.02,1.3803851663568238
GWO,Random Forest,MFO,GBM,0.7468949609652236,0.5027532598408747,0.7119493046469549,0.04706003501184224,0.3941625266146203,0.9529399649881578,0.7488602842585144,0.7406030565881867,0.07298474945533769,0.025,2.9543103057518083
PSO,LightGBM,MFO,CatBoost,0.7612668559261888,0.5025179711952885,0.7145716130371546,0.030583873957367932,0.41026437189496096,0.969416126042632,0.7306248323947439,0.9153242461792648,0.02795933188090051,0.03,0.7923006021100187
GWO,Extra Trees,MFO,Random Forest,0.7582061745919092,0.5018540350506603,0.71527062419602,0.03233446606940583,0.38972675656493966,0.9676655339305942,0.7687047465808527,0.7641470466749277,0.038852578068264344,0.03,3.237754369777668
PSO,LightGBM,MVO,GBM,0.7688076650106459,0.50180924968238,0.722429985798007,0.030583873957367932,0.41026437189496096,0.969416126042632,0.7634754625905068,0.9153242461792648,0.0014524328249818446,0.02,1.2527451674860182
PSO,LightGBM,MVO,Random Forest,0.767388218594748,0.5015155754670729,0.7217400830461397,0.030583873957367932,0.41026437189496096,0.969416126042632,0.7566371681415929,0.9173895084675754,0.006535947712418301,0.02,1.931357634909018
MVO,GBM,MVO,LightGBM,0.7425922640170334,0.5013385401238228,0.7083076283633732,0.07671712490989599,0.39513839602555,0.923282875090104,0.7589165996245643,0.8339529120198265,0.03449527959331881,0.005,1.2586515421989337
PSO,LightGBM,GA,LightGBM,0.7605127750177431,0.5010012225833449,0.7139619717756304,0.030583873957367932,0.41026437189496096,0.969416126042632,0.7337087691069992,0.9140850888062784,0.014524328249818447,0.03,1.7103161941319156
GWO,GBM,GA,XGBoost,0.7404630943931867,0.5009724856900113,0.7057238641134319,0.07599629286376275,0.39957416607523066,0.9240037071362373,0.7721909359077501,0.7244940107393639,0.07262164124909223,0.035,0.7550290336289885
GWO,GBM,GA,Extra Trees,0.7393541518807665,0.5005793316684221,0.7059374237760669,0.07599629286376275,0.39957416607523066,0.9240037071362373,0.7657548940734782,0.7236679058240396,0.08169934640522876,0.035,1.7807502690994577
GWO,GBM,GA,Random Forest,0.7399308019872249,0.5005190751529349,0.7071832096397688,0.07599629286376275,0.39957416607523066,0.9240037071362373,0.7670957361222848,0.724907063197026,0.08169934640522876,0.035,1.7836751320729645
MVO,Extra Trees,GA,CatBoost,0.7386000709723208,0.4996070406693599,0.7064630365566188,0.04922253115024199,0.3992193044712562,0.950777468849758,0.7239206221507106,0.7662123089632383,0.05664488017429194,0.04,2.9324981113162796
GWO,Extra Trees,MFO,Extra Trees,0.7571415897799858,0.49954637076048564,0.7136618572403727,0.03233446606940583,0.38972675656493966,0.9676655339305942,0.7720568517028694,0.7488641057414291,0.03449527959331881,0.03,3.2344743963427156
GWO,Random Forest,GA,Random Forest,0.7555003548616039,0.49950219620337677,0.7144580153242253,0.04706003501184224,0.3941625266146203,0.9529399649881578,0.7866720300348619,0.7397769516728625,0.04103122730573711,0.035,3.462290064498358
GWO,Random Forest,GA,Extra Trees,0.7491572036905607,0.49896197599145875,0.7090068207506349,0.04706003501184224,0.3941625266146203,0.9529399649881578,0.7645481362295522,0.7385377942998761,0.04974582425562818,0.04,3.459404814455887
GWO,GBM,GA,LightGBM,0.7336763662171752,0.49885680756808626,0.7020081689034431,0.07599629286376275,0.39957416607523066,0.9240037071362373,0.7430946634486457,0.724907063197026,0.09586056644880174,0.03,1.5900551420348903
GWO,Random Forest,MFO,CatBoost,0.7495564229950319,0.4988140417893175,0.710604051205659,0.04706003501184224,0.3941625266146203,0.9529399649881578,0.7620005363368195,0.7406030565881867,0.058823529411764705,0.03,2.389306582333373
MVO,Random Forest,MFO,Extra Trees,0.7411728176011355,0.4986437305434818,0.6980435430832281,0.07362784471218206,0.39930801987224984,0.9263721552878179,0.7768838830785734,0.748451053283767,0.03631082062454612,0.035,3.3789180830418477
GWO,Random Forest,GA,GBM,0.7535042583392477,0.49816456189613856,0.7123108002146415,0.04706003501184224,0.3941625266146203,0.9529399649881578,0.7805041566103513,0.738124741842214,0.043209876543209874,0.03,2.9317702051662087
PSO,LightGBM,MFO,XGBoost,0.7605571327182399,0.49805317678373184,0.7137984022607228,0.030583873957367932,0.41026437189496096,0.969416126042632,0.7288817377312953,0.9153242461792648,0.027596223674655047,0.02,0.7888554044813549
GWO,GBM,GA,GBM,0.7361160397444997,0.4975542154701319,0.7018241341946464,0.07599629286376275,0.39957416607523066,0.9240037071362373,0.7562349155269509,0.7232548533663775,0.08169934640522876,0.03,1.2458715204519877
GWO,Random Forest,MFO,XGBoost,0.7477821149751597,0.49740707579884846,0.7075855291681324,0.04706003501184224,0.3941625266146203,0.9529399649881578,0.7571735049611156,0.7406030565881867,0.05773420479302832,0.025,2.385996600051147
GWO,Extra Trees,GA,CatBoost,0.7485805535841022,0.49707852455308926,0.7084117505102866,0.03233446606940583,0.38972675656493966,0.9676655339305942,0.7430946634486457,0.7649731515902519,0.02832244008714597,0.035,2.167317299910198
MVO,Random Forest,GA,XGBoost,0.7417938254080908,0.49693600620471023,0.7016781788305171,0.07362784471218206,0.39930801987224984,0.9263721552878179,0.7729954411370341,0.7682775712515489,0.03413217138707335,0.04,2.2828621271552754
PSO,Random Forest,MFO,XGBoost,0.76375088715401,0.4964218999231571,0.7138006319582858,0.028318401812377717,0.4027235628105039,0.9716815981876222,0.7725931885223921,0.8306484923585296,0.00036310820624546115,0.04,2.6029635919384253
PSO,LightGBM,GA,Extra Trees,0.7632185947480482,0.49636881374996583,0.7150671747176295,0.030583873957367932,0.41026437189496096,0.969416126042632,0.7467149369804237,0.9140850888062784,0.0010893246187363835,0.035,1.9061131779485434
PSO,Random Forest,MFO,LightGBM,0.7593151171043293,0.49563425442626363,0.709673262489851,0.028318401812377717,0.4027235628105039,0.9716815981876222,0.7586484312148029,0.8306484923585296,0.0010893246187363835,0.05,3.0428839995657846
MVO,Random Forest,MFO,Random Forest,0.7427253371185237,0.4954835815148283,0.7021363957429207,0.07362784471218206,0.39930801987224984,0.9263721552878179,0.7737999463663181,0.7691036761668731,0.0392156862745098,0.035,3.382278693201356
MVO,GBM,MVO,Random Forest,0.7417494677075941,0.4946883986750489,0.7035228427700616,0.07671712490989599,0.39513839602555,0.923282875090104,0.7546259050683829,0.8133002891367204,0.05737109658678286,0.005,1.9277560919607168
MVO,GBM,MFO,Extra Trees,0.7334545777146912,0.4944908528474497,0.6926852233829506,0.07671712490989599,0.39513839602555,0.923282875090104,0.7388039688924645,0.7893432465923172,0.052650689905591866,0.015,1.9737187183917717
GWO,GBM,MFO,Extra Trees,0.7288857345635202,0.4944497242070221,0.6934516643492517,0.07599629286376275,0.39957416607523066,0.9240037071362373,0.7382676320729418,0.7116893845518381,0.0813362381989833,0.03,1.851815531143568
GWO,Random Forest,MFO,LightGBM,0.7429914833215047,0.4942973166377069,0.7029531348029793,0.04706003501184224,0.3941625266146203,0.9529399649881578,0.7426924108340037,0.7401900041305246,0.05773420479302832,0.03,2.816565246617588
MVO,GBM,GA,Extra Trees,0.7359829666430092,0.49361494289952673,0.6982747091951126,0.07671712490989599,0.39513839602555,0.923282875090104,0.7371949584338965,0.8091697645600991,0.06027596223674655,0.015,1.9034423691145812
MVO,Random Forest,MVO,GBM,0.748403122782115,0.4935580505478381,0.7048643836529561,0.07362784471218206,0.39930801987224984,0.9263721552878179,0.7976669348350764,0.7691036761668731,0.021423384168482208,0.03,2.671980723372829
PSO,LightGBM,MFO,Random Forest,0.7603797019162527,0.4934283321133418,0.7109226830590613,0.030583873957367932,0.41026437189496096,0.969416126042632,0.7374631268436578,0.9157372986369269,0.002178649237472767,0.025,1.9825325395082407
MVO,Random Forest,MFO,XGBoost,0.7377572746628814,0.4925490040369465,0.6936363749208392,0.07362784471218206,0.39930801987224984,0.9263721552878179,0.7630732099758648,0.7695167286245354,0.027596223674655047,0.03,2.2204794100883682
PSO,LightGBM,MFO,Extra Trees,0.7589602555003548,0.4923513312511794,0.7099882799167401,0.030583873957367932,0.41026437189496096,0.969416126042632,0.7402788951461517,0.8950846757538208,0.0010893246187363835,0.025,1.9790797197609296
GWO,Random Forest,MFO,Random Forest,0.7482700496806246,0.49200245088568295,0.706868685444922,0.04706003501184224,0.3941625266146203,0.9529399649881578,0.7652185572539555,0.7401900041305246,0.03994190268700073,0.03,3.5328249081762317
MVO,GBM,MVO,Extra Trees,0.7409510290986515,0.49175772779982835,0.701640555793417,0.07671712490989599,0.39513839602555,0.923282875090104,0.7551622418879056,0.8124741842213962,0.05010893246187364,0.005,2.0446117200599874
GWO,Random Forest,MFO,Extra Trees,0.7471611071682044,0.4916395719100423,0.704191982347509,0.04706003501184224,0.3941625266146203,0.9529399649881578,0.7680343255564495,0.7261462205700124,0.03558460421205519,0.03,3.529507602924355
MVO,GBM,GA,Random Forest,0.7351845280340668,0.4913336814520881,0.6979686299080587,0.07671712490989599,0.39513839602555,0.923282875090104,0.7371949584338965,0.8095828170177612,0.05337690631808279,0.015,1.906334762472485
MVO,GBM,MFO,Random Forest,0.7350958126330731,0.4912788085181483,0.6967331560999905,0.07671712490989599,0.39513839602555,0.923282875090104,0.7359882005899705,0.8099958694754233,0.05555555555555555,0.015,1.9770442366433718
GWO,GBM,MFO,Random Forest,0.7295067423704755,0.49074637426416823,0.6963220915716714,0.07599629286376275,0.39957416607523066,0.9240037071362373,0.7357200321802092,0.7253201156546881,0.0813362381989833,0.03,1.855178381212092
MVO,Extra Trees,MVO,GBM,0.7576295244854506,0.4904303394293585,0.709781724502485,0.04922253115024199,0.3992193044712562,0.950777468849758,0.8016894609814964,0.7649731515902519,0.0036310820624546117,0.03,3.3188675826463188
GWO,GBM,MVO,XGBoost,0.7370475514549326,0.49024273554464254,0.7048052977946605,0.07599629286376275,0.39957416607523066,0.9240037071362373,0.7665593993027622,0.748451053283767,0.03994190268700073,0.02,0.661477959537285
GWO,GBM,MFO,GBM,0.7256919801277502,0.4901889520824148,0.6941746987217721,0.07599629286376275,0.39957416607523066,0.9240037071362373,0.7240547063555913,0.7257331681123502,0.0813362381989833,0.03,1.268721084493748
MVO,Random Forest,MFO,GBM,0.7373580553584103,0.490094321111032,0.6977640987640844,0.07362784471218206,0.39930801987224984,0.9263721552878179,0.7556985787074283,0.7695167286245354,0.04429920116194626,0.03,2.7962120207925496
MVO,Random Forest,GA,GBM,0.7368257629524485,0.48998252277841897,0.6967554398333227,0.07362784471218206,0.39930801987224984,0.9263721552878179,0.7565030839367123,0.7678645187938868,0.038852578068264344,0.035,2.7733776762650266
MVO,Random Forest,MFO,CatBoost,0.7404630943931867,0.4899136776566844,0.698339860892399,0.07362784471218206,0.39930801987224984,0.9263721552878179,0.7709841780638241,0.768690623709211,0.02868554829339143,0.035,2.2238326016824033
PSO,LightGBM,MFO,LightGBM,0.7537260468417317,0.48975719170628035,0.7064214276840663,0.030583873957367932,0.41026437189496096,0.969416126042632,0.7099758648431215,0.9153242461792648,0.02287581699346405,0.02,1.2370131145976064
MVO,GBM,MFO,GBM,0.7318577004968062,0.4896130310100576,0.6943178851424048,0.07671712490989599,0.39513839602555,0.923282875090104,0.724188790560472,0.8104089219330854,0.060639070442992014,0.015,1.3970973450839792
MVO,Random Forest,GA,Random Forest,0.7378903477643719,0.4895047598429299,0.6985382239794503,0.07362784471218206,0.39930801987224984,0.9263721552878179,0.7598551890587288,0.768690623709211,0.0374001452432825,0.04,3.310823070560323
GWO,Random Forest,GA,CatBoost,0.7434794180269695,0.4889910354161759,0.7053414718969957,0.04706003501184224,0.3941625266146203,0.9529399649881578,0.7546259050683829,0.7401900041305246,0.029048656499636893,0.035,2.450204397950607
GWO,GBM,MVO,CatBoost,0.7361603974449965,0.4888651311268449,0.7037616353483158,0.07599629286376275,0.39957416607523066,0.9240037071362373,0.7665593993027622,0.7414291615035109,0.038852578068264344,0.02,0.6830877973948433
MVO,Random Forest,GA,Extra Trees,0.7307487579843861,0.48883224378347745,0.6914924086425493,0.07362784471218206,0.39930801987224984,0.9263721552878179,0.7361222847948512,0.7674514663362247,0.0439360929557008,0.045,3.3079001557637526
MVO,Random Forest,MFO,LightGBM,0.7320794889992903,0.48783041995504794,0.6877785674444299,0.07362784471218206,0.39930801987224984,0.9263721552878179,0.7460445159560204,0.7691036761668731,0.027233115468409588,0.035,2.6566688042354647
GWO,GBM,MVO,Random Forest,0.7343860894251242,0.4877437820085569,0.6999981505140722,0.07599629286376275,0.39957416607523066,0.9240037071362373,0.7543577366586216,0.7273853779429987,0.06971677559912855,0.02,1.805336934501118
GWO,GBM,MVO,Extra Trees,0.7332771469127041,0.487513894113308,0.7010052221268216,0.07599629286376275,0.39957416607523066,0.9240037071362373,0.7544918208635023,0.7253201156546881,0.06209150326797386,0.02,1.9235043680348218
MVO,GBM,GA,XGBoost,0.7348740241305891,0.48748506393295193,0.6949263853971716,0.07671712490989599,0.39513839602555,0.923282875090104,0.7410834003754357,0.8091697645600991,0.04066811909949165,0.015,0.88910791467731
MVO,GBM,GA,LightGBM,0.7281760113555713,0.48716525199148747,0.6912036634817187,0.07671712490989599,0.39513839602555,0.923282875090104,0.7119871279163315,0.8099958694754233,0.06390704429920116,0.015,1.7148641950591674
MVO,GBM,GA,GBM,0.7312366926898509,0.4869286487218486,0.6927085739536862,0.07671712490989599,0.39513839602555,0.923282875090104,0.7251273799946366,0.8095828170177612,0.05374001452432825,0.015,1.3745014396128423
MVO,Random Forest,GA,LightGBM,0.7225869410929737,0.4855662649372852,0.6868313542632268,0.07362784471218206,0.39930801987224984,0.9263721552878179,0.7106462858675248,0.7691036761668731,0.04502541757443718,0.04,3.1173320458797344
MVO,GBM,MFO,XGBoost,0.7294180269694819,0.4842437800675269,0.6850191773932924,0.07671712490989599,0.39513839602555,0.923282875090104,0.7283454009117726,0.8104089219330854,0.029411764705882353,0.015,0.8273766056757538
MVO,Random Forest,GA,CatBoost,0.724804826117814,0.48327191093945787,0.6919899213665094,0.07362784471218206,0.39930801987224984,0.9263721552878179,0.7240547063555913,0.7703428335398596,0.02578068264342774,0.04,2.285525392160272
MVO,GBM,GA,CatBoost,0.7284421575585521,0.483123374332264,0.6920177195820547,0.07671712490989599,0.39513839602555,0.923282875090104,0.725395548404398,0.812061131763734,0.02795933188090051,0.015,0.8917433695389533
MVO,GBM,MVO,GBM,0.7407735982966643,0.48212391915452485,0.6970288753246516,0.07671712490989599,0.39513839602555,0.923282875090104,0.7662912308930008,0.8108219743907477,0.019970951343500364,0.005,1.2741632862731742
MVO,GBM,MFO,CatBoost,0.7327004968062456,0.4815436365111373,0.6909951327359547,0.07671712490989599,0.39513839602555,0.923282875090104,0.7374631268436578,0.8095828170177612,0.03231663035584604,0.015,0.8306947828274608
GWO,GBM,GA,CatBoost,0.7306156848828956,0.4801410393530479,0.6957512649515128,0.07599629286376275,0.39957416607523066,0.9240037071362373,0.7563689997318316,0.7253201156546881,0.03413217138707335,0.035,0.7576940737495188
MVO,GBM,MFO,LightGBM,0.7244943222143364,0.478941903310725,0.6800153878875955,0.07671712490989599,0.39513839602555,0.923282875090104,0.7134620541700187,0.8104089219330854,0.029411764705882353,0.015,1.2590112560936983
GWO,GBM,MFO,CatBoost,0.724804826117814,0.4729943937103167,0.6858509588796785,0.07599629286376275,0.39957416607523066,0.9240037071362373,0.7373290426387772,0.7257331681123502,0.03812636165577342,0.03,0.6959601638823067
GWO,GBM,MFO,XGBoost,0.721167494677076,0.4712701056755745,0.6783940362825039,0.07599629286376275,0.39957416607523066,0.9240037071362373,0.7282113167068919,0.7257331681123502,0.03340595497458242,0.025,0.6926047373238675
GWO,GBM,MFO,LightGBM,0.7163768630234209,0.46870615934943827,0.6739983300420482,0.07599629286376275,0.39957416607523066,0.9240037071362373,0.7133279699651381,0.7253201156546881,0.03449527959331881,0.03,1.1290848597941014
GWO,GBM,MVO,GBM,0.7296841731724627,0.46165491860455443,0.6855306747283658,0.07599629286376275,0.39957416607523066,0.9240037071362373,0.7656208098685975,0.724907063197026,0.002904865649963689,0.02,1.144406984609629
